<?xml version="1.0" encoding="UTF-8"?>
<project-private xmlns="http://www.netbeans.org/ns/project-private/1">
    <editor-bookmarks xmlns="http://www.netbeans.org/ns/editor-bookmarks/2" lastBookmarkId="0"/>
    <open-files xmlns="http://www.netbeans.org/ns/projectui-open-files/2">
        <group>
            <file>file:/C:/Repositorios/JAVAUDB/Modulo%205/EvaluacionModulo5/web/procesos/crudProductos.xhtml</file>
            <file>file:/C:/Repositorios/JAVAUDB/Modulo%205/EvaluacionModulo5/src/java/sv/udb/edu/modelos/AbstractFacade.java</file>
            <file>file:/C:/Repositorios/JAVAUDB/Modulo%205/EvaluacionModulo5/src/java/sv/udb/edu/controladores/ProductoControl.java</file>
        </group>
    </open-files>
</project-private>
